-- phpMyAdmin SQL Dump
-- version 4.7.7
-- https://www.phpmyadmin.net/
--
-- Host: localhost:3306
-- Generation Time: Apr 11, 2018 at 02:11 PM
-- Server version: 5.6.38
-- PHP Version: 7.2.1

SET SQL_MODE = "NO_AUTO_VALUE_ON_ZERO";
SET time_zone = "+00:00";


/*!40101 SET @OLD_CHARACTER_SET_CLIENT=@@CHARACTER_SET_CLIENT */;
/*!40101 SET @OLD_CHARACTER_SET_RESULTS=@@CHARACTER_SET_RESULTS */;
/*!40101 SET @OLD_COLLATION_CONNECTION=@@COLLATION_CONNECTION */;
/*!40101 SET NAMES utf8mb4 */;

--
-- Database: `ruenrudee`
--

-- --------------------------------------------------------

--
-- Table structure for table `artifact`
--

CREATE TABLE `artifact` (
  `artifact_id` int(11) NOT NULL,
  `artifact_no` varchar(20) NOT NULL,
  `artifact_code` varchar(20) NOT NULL,
  `old_number` varchar(20) NOT NULL,
  `artifact_name` varchar(100) NOT NULL,
  `artifact_type` varchar(255) NOT NULL,
  `material` varchar(255) NOT NULL,
  `cat_id` int(11) NOT NULL,
  `quantity` int(3) NOT NULL DEFAULT '1',
  `period` varchar(50) NOT NULL,
  `dimension_a` varchar(5000) NOT NULL,
  `dimension_b` varchar(5000) DEFAULT NULL,
  `description` varchar(500) NOT NULL,
  `designer` varchar(255) NOT NULL,
  `history` varchar(500) NOT NULL,
  `condition_` varchar(255) NOT NULL,
  `location_id` int(11) NOT NULL,
  `sub_location_id` int(11) NOT NULL,
  `other_location` varchar(255) NOT NULL,
  `note` varchar(255) NOT NULL,
  `tag_location` varchar(255) NOT NULL,
  `revised` varchar(255) NOT NULL,
  `conservation` varchar(255) NOT NULL,
  `clean` varchar(255) NOT NULL,
  `implement` varchar(255) NOT NULL,
  `condition_report_by` varchar(255) NOT NULL,
  `entry_by` varchar(255) NOT NULL,
  `registra_approved` varchar(255) DEFAULT NULL,
  `image` varchar(100) NOT NULL,
  `status` varchar(10) NOT NULL DEFAULT 'closed',
  `date_created` varchar(255) NOT NULL,
  `date_updated` varchar(255) NOT NULL
) ENGINE=InnoDB DEFAULT CHARSET=utf8;

--
-- Dumping data for table `artifact`
--

INSERT INTO `artifact` (`artifact_id`, `artifact_no`, `artifact_code`, `old_number`, `artifact_name`, `artifact_type`, `material`, `cat_id`, `quantity`, `period`, `dimension_a`, `dimension_b`, `description`, `designer`, `history`, `condition_`, `location_id`, `sub_location_id`, `other_location`, `note`, `tag_location`, `revised`, `conservation`, `clean`, `implement`, `condition_report_by`, `entry_by`, `registra_approved`, `image`, `status`, `date_created`, `date_updated`) VALUES
(1, '00001', 'rd00001/2561', '1247', ' กระเป๋าหนัง', 'กระเป๋า', 'โลหะผสม,หนัง', 1, 2, '', 'กว้าง 8 ซม.  ยาว 26 ซม.  สูงรวมหู 33 ซม.', NULL, 'กระเป๋าสทรงกระบอกปากบาน สีดำ (หนัง) มีด้านใน   3 ช่อง ช่องกลางมีตัวล็อคกระดุมบิด 2 เม็ด หูยึดติดกับช่องกลาง มีข้อต่อด้านบนเป็นทองเหลือง ด้านในช่องกลางมีกระจกที่ใส่ซองโลโก้ bienen davis และมีเชือกติดกับกระเป๋าใบเล็กช่อง 1 และช่อง 3 ติดกับหน้า - หลัง', 'bienen davis', '', 'สมบูรณ์', 3, 8, '', 'มีกระจกและกระเป๋าเศษสตางค์', 'หูกระเป๋า', '', '', '', '', 'อุ๋ย 19/11/54', 'เมธา โล่กันภัย', 'matha lokanphai', '98cc0af40d31b7b3266de17e0abb19ed.jpg', 'open', 'Sun, 18 Mar 18 13:05:16 +0100', 'Wed, 11 Apr 18 14:31:29 +0000'),
(2, '00002', 'rd00002/2561', '1248', 'กระเป๋าถือ', 'กระเป๋า', 'โลหะผสม,หนัง', 1, 1, '', 'กว้าง 6 ซม. ยาว  33 ซม. สูงรวมหู 28 ซม.', NULL, 'กระเป๋าหนังสัตว์สีน้ำตาลเข้ม ทรงรีเหลือบมน หูด้านบนโค้งครึ่งวงกลม มีตัวล็อคหูอยู่ด้านบนกระเป๋า ปากกระเป๋ามีตัวล็อคโลหะทรงแบนยกขึ้น ด้านในหลังกระเป๋ามีกระเป๋าเสริมใส่กระจก มีโลโก้ \"The Shilton Production Made In England\" ด้านขวาของกระเป๋า ด้านตรงข้ามปะติดอีก 1 ชิ้น เสริมด้านนอก มีการตกแต่งเป็น 3 ส่วนกระเป๋า', 'The Shilton Production Made in England', '', 'สมบูรณ์ ', 3, 0, '', 'มีกระจกด้านในกระเป๋า', 'หูกระเป๋า', '', '', '', '', 'อุ๋ย 19/11/54', 'เมธา โล่กันภัย', 'เมธา โล่กันภัย', 'default.png', 'open', 'Mon, 19 Mar 18 21:19:41 +0100', 'Mon, 19 Mar 18 21:59:00 +0100'),
(3, '00003', 'rd00003/2561', '1249', 'กระเป๋าถือ', 'กระเป๋า', 'โลหะผสม,หนัง,ผ้า', 1, 1, '', 'กว้าง 18.5 ซม. ยาว  27 ซม. สูง 18 ซม.', NULL, 'กระเป๋าหนังสีดำแบบถือ มีที่เปิด - ปิด เป็นโลหะ ด้านหน้ามีลวดลายเป็นวงกลมต่อกันยาวเป็นแถว มีอักษรภาษาอังกฤษ (SV) อยู่ด้านหน้า ด้านในมีกระเป๋าใบเล็กอยู่ตรงกลาง มีที่ล็อคเปิด - ปิด ด้านข้างมีช่องใส่ของทั้งสองฝั่ง', '', '', 'ชำรุด เสียหาย 30% \r\n- หนังสีดำเป็นคราบสีขาวด้านหน้าและหลัง\r\n- ผ้าที่บุกระเป๋าด้านในเสื่อมสภาพ', 3, 0, '', 'กระจกบานเล็ก 1 บาน อยู่ด้านใน', 'หูกระเป๋า', '', '', '', '', 'มี 19/11/54', 'เมธา โล่กันภัย', 'เมธา โล่กันภัย', 'default.png', 'open', 'Mon, 19 Mar 18 21:46:57 +0100', 'Mon, 19 Mar 18 21:59:16 +0100'),
(4, '00004', 'rd00004/2561', '1250', 'กระเป๋าหนัง', 'กระเป๋า', 'หนัง', 1, 1, '', 'กว้าง 12.5 ซม. ยาว  20 ซม. สูง 28 ซม.', NULL, 'กระเป๋าถือทรงรีแบบกล่อง สายหนังคู่ 2 เส้น แบบแบน เปิดออก 2 ซีก โดยมีทองเหลืองเป็นตัวกั้นระหว่างซีก มีตัวล็อคเป็นดอกไม้ครึ่งดอก แบบดึงขึ้น แต่งด้านข้างเป็นหยักดอกไม้รอบรูป ด้านในมีช่องใส่ของ 3 ช่อง ช่องที่ 2 มีกระเป๋าเสริมใสส่หวีเล็ก และมีกระเป๋าผูกเชือก เศษสตางค์ใบเล็กในกระเป๋าช่องกลาง และมีหวีเล็ก 1 อัน', '', '', 'สมบูรณ์', 3, 0, '', 'มีกระเป๋าเศษสตางค์ และหวี', 'หูกระเป๋า', '', '', '', '', 'อุ๋ย 19/11/54', 'เมธา โล่กันภัย', 'เมธา โล่กันภัย', 'default.png', 'open', 'Mon, 19 Mar 18 22:09:57 +0100', 'Mon, 19 Mar 18 22:16:30 +0100'),
(5, '00005', 'rd00005/2561', '1251', 'กระเป๋าหิ้ว', 'กระเป๋า', 'โลหะผสม,หนัง,ผ้า', 1, 1, '', 'กว้าง 10.5 ซม. ยาว  16 ซม. สูง 18 ซม.', NULL, 'กระเป๋าหูหิ้วสีทองทำด้วยโลหะ มีที่ล็อคเปิด - ปิด ด้านในบุด้วยผ้ากำมะหยี่สีทอง ที่ล็อคโลหะคล้ายเข็มขัด', '', '', 'สมบูรณ์\r\n- มีคราบสีเขียวเปื้นบริเวณด้านข้างทางซ้ายมือ', 3, 0, '', 'มีกระดาษอยู่ด้านในกระเป๋า', 'หูกระเป๋า', '', '', '', '', 'มี 19/11/54', 'เมธา โล่กันภัย', 'เมธา โล่กันภัย', 'default.png', 'open', 'Mon, 19 Mar 18 22:15:51 +0100', 'Mon, 19 Mar 18 22:16:18 +0100'),
(6, '00006', 'rd00006/2561', '1252', 'กระเป๋า', 'กระเป๋า', 'โลหะผสม,เพชร,วัสดุสังเคราะห์,ผ้า', 1, 1, '', 'กว้าง 32 ซม. สูง 37 ซม.', NULL, 'กระเป๋าทรงสี่เหลี่ยมผืนผ้าภายนอกเป็นตาข่ายผ้าประดับเพชรขนาดเล็ก ภายในหุ้มด้วยผ้าสีดำ ปากกระเป๋าประดับด้วยเพชรและลูกปัด หูหิ้วเป็นโลหะสีทอง ', 'Core\'- Red', '', 'ชำรุด 90%\r\nลูกปัดด้านบนกระเป๋าเปลี่ยนเป็นสีดำ โลหะที่ติดเพชรดำ ตรงด้านหลังกลาง', 3, 0, '', 'ด้านในมีกระจก 1 บาน', 'หูหิ้วกระเป๋า', '', '', '', '', 'ต้น 19/11/54', 'เมธา โล่กันภัย', 'เมธา โล่กันภัย', 'default.png', 'open', 'Wed, 21 Mar 18 22:38:25 +0100', 'Wed, 21 Mar 18 22:51:16 +0100'),
(7, '00007', 'rd00007/2561', '1253', 'กระเป๋าถือ', 'กระเป๋า', 'ผ้า,กำมะหยี่', 1, 1, '', 'กว้าง 6.5 ซม. ยาว 23.5 ซม. สูง 24 ซม.', NULL, 'กระเป๋าทรงสี่เหลี่ยม ผ้ากำมะหยี่สีกรมท่า ประดับด้วยผ้าต่วน ทำหูหิ้วผูกโบว์ด้านบน ฝากระเป๋ามีกระดุมโลหะแบบเกี่ยวเป็นตัวปิดล็อค ด้านในซ้าย มีโลโก้ \"Jagung\" MAND IN ENGLAND มีกระเป๋ษเศษสตางค์ 1 ใบ กำมะหยี่ด้านในกระเป๋าเสริม 2 ด้าน ด้านหลังแบบเรียบๆ ไม่ตกแต่ง กระดุมยึดหูกระเป๋า 2 ด้าน ซ้าย - ขวา', 'Jagung', '', 'ชำรุด\r\nกำมะหยี่เสื่อมสภาพ', 3, 0, '', 'กระเป๋าเศษสตางค์', 'หูกระเป๋า', '', '', '', '', 'อุ๋ย 19/11/54', 'เมธา โล่กันภัย', 'เมธา โล่กันภัย', 'default.png', 'open', 'Wed, 21 Mar 18 22:42:43 +0100', 'Wed, 21 Mar 18 22:51:07 +0100'),
(8, '00008', 'rd00008/2561', '1254', 'กระเป๋า', 'กระเป๋า', 'ผ้าฝ้าย,วัสดุสังเคราะห์,ผ้า', 1, 1, '', 'กว้าง 22 ซม. สูง 15 ซม.', NULL, 'กระเป๋าผ้าฝ้ายสีขาวทรงสี่เหลี่ยมผืนผ้า ฝาปิดกระเป๋ายาวคลุมถึงด้านล่าง ใช้ห่วงผ้าคล้องกับพลาสติกขาวกลมไว้เพื่อล็อค ด้านหน้ามีการปักผ้านูนเป็นอักษณ SV ด้านในมีกระดาษพิมพ์ว่า \"พระนางเจ้าสุวัทนา พระวรราชเทวี\" อีกด้านพิมพ์ว่า \"Madam P.N.L. Suvadana\"', '', '', 'ชำรุด 75%\r\nผ้าฝ้ายเปลี่ยนสีเป็นสีน้ำตาลทั่วทั้งใบ', 3, 0, '', 'ด้านในมีกระจก 1 บานเล็ก และกระเป๋าผ้าสีขาวขนาดเล็ก 1 ใบ', 'ห่วงคล้องพลาสติกด้านหลัง สายกระเป๋าด้านหลัง', '', '', '', '', 'ต้น 19/11/54', 'เมธา โล่กันภัย', 'เมธา โล่กันภัย', 'default.png', 'open', 'Wed, 21 Mar 18 23:00:14 +0100', 'Wed, 21 Mar 18 23:00:25 +0100'),
(9, '00009', 'rd00009/2561', '1255', 'กระเป๋าถือ', 'กระเป๋า', 'โลหะผสม,หนัง,ผ้า', 1, 1, '', 'กว้าง 17.5 ซม. ยาว  23.5 ซม.', NULL, 'กระเป๋าถือสีเขียว ทำด้วยหนัง ด้านหน้ามีโลโก้ SV มีที่เปิดปิดเป็นโลหะแบบง้างออก ด้านหลังมีสายหนัง ด้านในบุด้วยผ้าสีเขียว มีกระเป๋าใบเล็กอยู่ด้านใน เปิด - ปิด ไ้ด้ ด้านข้างมีซองใส่ของ ทั้งสองข้างติดกับตัวของกระเป๋า', '', '', 'ชำรุด 10%\r\nหนังด้านหลังมีรอยขีดข่วน', 3, 0, '', 'มีกระจกบานเล็ก 1 บาน', 'สายกระเป๋าด้านหลัง', '', '', '', '', 'มี 19/11/54', 'เมธา โล่กันภัย', 'เมธา โล่กันภัย', 'default.png', 'open', 'Wed, 21 Mar 18 23:19:52 +0100', 'Wed, 21 Mar 18 23:20:04 +0100'),
(10, '00010', 'rd00010/2561', '1256', 'กระเป๋าถือ', 'กระเป๋า', 'โลหะผสม,วัสดุสังเคราะห์,ผ้า', 1, 1, '', 'กว้าง 10 ซม. สูง 17 ซม.', NULL, 'กระเป๋าถือสีเหลืองทอง ทำจากหนัง ด้านนอกหุ้มพลาสติก ด้านหน้ามุมขวามมือมีตราสัญลักษณ์พระมหาพิชัยมงกุฎ และอีกษรย่อ มีกระดุมแป๊ะสามารถเปิดออกได้ กระเป๋าด้านในชั้นนอกใช้ผ้าเย็บ เปิดออกได้ ชั้นในกระเป๋าโล่ง ', '', '', 'ชำรุด 60%\r\nวัสดุด้านในที่เป็นผ้าเป็นคราบสำน้ำตาล', 3, 0, '', '', 'ข้างกระเป๋า', '', '', '', '', 'มี 19/11/54', 'เมธา โล่กันภัย', 'เมธา โล่กันภัย', 'default.png', 'open', 'Wed, 21 Mar 18 23:26:22 +0100', 'Wed, 21 Mar 18 23:26:36 +0100'),
(11, '00011', 'rd00011/2561', '1267', 'เสื้อ', 'ฉลองพระองค์', 'ผ้าไหม', 0, 1, '', 'กว้าง 53 ซม. ยาว 52 ซม. บ่าหน้า 40 ซม. บ่าหลัง 41 ซม. แขนยาว 39 ซม. รอบอก 41 ซม.คุ', NULL, '', 'คุณเพ็ญ', '', 'สมบูรณ์', 3, 0, '', '', 'กระดุมแป๊ะเม็ดที่ 3', '', '', '', '', 'เอ็ม, ล้อม 27 มิภุนายน 2555 ', 'เมธา โล่กันภัย', NULL, 'default.png', 'closed', 'Sat, 24 Mar 18 00:11:40 +0100', ''),
(12, '00012', '00012/2561', '1268', 'ชุดยาว', 'ฉลองพระองค์', 'ผ้าไหม', 1, 1, '', 'กว้าง 58 ซม. ยาว 149 ซม. บ่าหน้า 38 ซม. บ่าหลัง 41 ซม. รอบอก 40 ซม.', NULL, '', 'คุณเพ็ญ', '', 'สมบูรณ์', 3, 0, '', '', 'กระดุมแป๊ะเม็ดที่ 1', '', '', '', '', 'เอ็ม, ล้อม 27 มิภุนายน 2555 ', 'เมธา โล่กันภัย', NULL, 'default.png', 'closed', 'Sat, 24 Mar 18 00:17:33 +0100', ''),
(13, '00013', '00013/2561', '1269', 'ชุดยาว', 'ฉลองพระองค์', 'ผ้าไหม', 1, 1, '', 'กว้าง 56 ซม. ยาว 155 ซม. บ่าหน้า 38 ซม. บ่าหลัง 41 ซม. รอบอก 49 ซม. แขนยาว 38 ซม.', NULL, '', 'คุณเพ็ญ', '', 'สมบูรณ์', 3, 0, '', '', 'กระดุมเม็ดที่ 2 (ตัวใน)', '', '', '', '', 'เอ็ม, ล้อม 27 มิภุนายน 2555 ', 'เมธา โล่กันภัย', NULL, 'default.png', 'closed', 'Sat, 24 Mar 18 00:23:13 +0100', ''),
(14, '00014', '00014/2561', '1270', 'ชุดยาว', 'ฉลองพระองค์', 'ผ้าไหม', 1, 1, '', 'กว้าง 55 ซม. ยาว 152 ซม. บ่าหน้า 39 ซม. บ่าหลัง 42 ซม. รอบอก 48 ซม. แขนยาว 41 ซม.', NULL, '', 'คุณเพ็ญ', '', 'สมบูรณ์', 3, 0, '', '', 'กระดุมแป๊ะเม็ดที่ 1', '', '', '', '', 'เอ็ม, ล้อม 27 มิภุนายน 2555 ', 'เมธา โล่กันภัย', NULL, 'default.png', 'closed', 'Sat, 24 Mar 18 00:27:43 +0100', ''),
(15, '00015', 'rd00015/2561', '1271', 'ชุดยาว', 'ฉลองพระองค์', 'ผ้าไหม', 1, 1, '', 'กว้าง 56 ซม. ยาว  146 ซม. ผ่าหน้า  36 ซม. ผ่าหลัง 40 ซม. แขนยาว 32 ซม.', NULL, '', 'คุณเพ็ญ', '', 'สมบูรณ์', 3, 0, '', '', 'กระดุมแป๊ะเม็ดที่ 1', '', '', '', '', 'เอ็ม, ล้อม 27 มิภุนายน 2555 ', 'เมธา โล่กันภัย', NULL, 'default.png', 'closed', 'Sun, 25 Mar 18 14:05:13 +0200', ''),
(16, '00016', 'rd00016/2561', '1272', 'ชุดยาว', 'ฉลองพระองค์', 'ผ้าไหม', 1, 1, '', 'กว้าง 53 ซม. ยาว 143 ซม. ผ่าหน้า 38 ซม. ผ่าหลัง 40 ซม. รอบอก 50 ซม.  แขนยาว 36 ซม.', NULL, '', 'คุณเพ็ญ', '', 'สมบูรณ์', 3, 0, '', '', 'กระดุมเม็ดที่ 1', '', '', '', '', 'ดา, แแดง 27 มิถุนายน 2555', 'เมธา โล่กันภัย', NULL, 'default.png', 'closed', 'Sun, 25 Mar 18 14:09:14 +0200', ''),
(17, '00017', 'rd00017/2561', '1273', 'ชุดยาว', 'ฉลองพระองค์', 'ผ้าไหม', 1, 1, '', 'กว้าง 54 ซม. ยาว 148 ซม. ผ่าหน้า 37 ซม. ผ่าหลัง 40 ซม. รอบอก 45 ซม. แขนยาว 42 ซม.', NULL, '', 'คุณเพ็ญ', '', 'สมบูรณ์', 3, 0, '', '', 'เข็มกลัดเสื้อด้านหลัง', '', '', '', '', 'ภา, แดง 27 มิถุนายน 2555', 'เมธา โล่กันภัย', NULL, 'default.png', 'closed', 'Sun, 25 Mar 18 14:13:12 +0200', ''),
(18, '00018', 'rd00018/2561', '1274', 'ชุดยาว', 'ฉลองพระองค์', 'ผ้าไหม', 1, 1, '', 'กว้าง 53 ซม.  ยาว 152 ซม. ผ่าหน้า 38 ซม.  ผ่าหลัง 39 ซม.  รอบอก 49 ซม.  แขนยาว 35 ซม.', NULL, '', 'คุณเพ็ญ', '', 'สมบูรณ์', 3, 0, '', '', 'กระดุมแป๊ะเม็ดที่ 1', '', '', '', '', 'ภา, แดง 27 มิถุนายน 2555', 'เมธา โล่กันภัย', NULL, 'default.png', 'closed', 'Sun, 25 Mar 18 14:17:40 +0200', ''),
(19, '00019', 'rd00019/2561', '1275', 'ชุดยาว', 'ฉลองพระองค์', 'ผ้าไหม', 1, 1, '', 'กว้าง 55 ซม. ยาว 151 ซม. บ่าหน้า 39 ซม. บ่าหลัง 41 ซม. รอบอก 43 ซม. ', NULL, '', 'คุณเพ็ญ', '', 'สมบูรณ์', 3, 0, '', '', 'กระดุมแป๊ะเม็ดที่ 1', '', '', '', '', 'ภา, แดง 27 มิถุนายน 2555', 'เมธา โล่กันภัย', NULL, 'default.png', 'closed', 'Sun, 25 Mar 18 14:20:21 +0200', ''),
(20, '00020', 'rd00020/2561', '1276', 'เสื้อ', 'ฉลองพระองค์', 'ผ้าแก้ว', 1, 1, '', 'กว้าง 60 ซม. ยาว 50 ซม. ผ่าหน้า 38 ซม. ผ่าหลัง 40 ซม. รอบอก 43 ซม. แขนยาว 36 ซม.', NULL, '', 'คุณเพ็ญ', '', 'สมบูรณ์', 3, 0, '', '', 'กระดุมแป๊ะเม็ดที่ 1', '', '', '', '', 'เอ็ม, ล้อม 27 มิภุนายน 2555 ', 'เมธา โล่กันภัย', NULL, 'default.png', 'closed', 'Sun, 25 Mar 18 14:26:11 +0200', ''),
(21, '00021', 'rd00021/2561', '1212', 'จานเชิง', 'เครื่องปั้นดินเผา', 'ดินเผาเคลือบ', 3, 1, '', '', NULL, 'จานเชิง 2 ใบ', '', '', '', 3, 0, '', 'ยังไม่ได้ทำรายละเอียด', 'ในถุงซิปล็อค', '', '', '', '', '', 'เมธา โล่กันภัย', 'เมธา โล่กันภัย', 'default.png', 'closed', 'Sun, 25 Mar 18 14:35:52 +0200', 'Sun, 25 Mar 18 14:40:13 +0200'),
(22, '00022', 'rd00022/2561', '1216', 'หมวก', 'ฉลองพระองค์', 'ผ้าไหม', 1, 1, '', 'กว้าง 38 ซม. สูง 9 ซม.', NULL, 'หมวกปีกกว้างสีชมพู', '', '', '', 3, 0, '', '', 'ริบบิ้นด้านใน', '', '', '', '', '', 'เมธา โล่กันภัย', NULL, 'default.png', 'closed', 'Sun, 25 Mar 18 14:43:46 +0200', ''),
(23, '00023', 'rd00023/2561', '1222', 'ผ้าห่ม', 'ผ้า', 'ผ้า', 0, 1, '', 'กว้าง 30 ซม. ยาว 53 ซม. หนา 7 ซม.', NULL, 'ผ้าห่มสีส้ม', '', '', '', 5, 0, '', '', 'ในถุง', '', '', '', '', 'สุภาวดี', 'เมธา โล่กันภัย', 'เมธา โล่กันภัย', 'default.png', 'open', 'Sun, 25 Mar 18 14:46:28 +0200', 'Sun, 25 Mar 18 14:47:45 +0200'),
(24, '00024', 'rd00024/2561', '1226', 'กล่องใส่เครื่องประดับ', 'ของใช้', 'โลหะผสม,ไม้,ผ้า', 0, 1, '', 'กว้าง 15 ซม. ยาว 22 ซม. สูง 9 ซม.', NULL, '', '', '', '', 3, 0, '', '', 'ตัวล็อคกล่อง', '', '', '', '', 'สุภาวดี', 'เมธา โล่กันภัย', NULL, 'default.png', 'closed', 'Sun, 25 Mar 18 14:53:55 +0200', ''),
(25, '00025', 'rd00025/2561', '1229', 'ผ้า', 'ผ้า', 'ผ้า', 0, 1, '', 'กว้าง 26 ซม. ยาว  33 ซม. สูง 5 ซม.', NULL, 'ผ้าเมตรสีส้ม ลายตาราง พับไว้', '', '', '', 5, 0, '', 'ยังไม่ได้คลี่ออกจากถุง', 'ในถุง', '', '', '', '', 'สุภาวดี', 'เมธา โล่กันภัย', NULL, 'default.png', 'closed', 'Sun, 25 Mar 18 14:56:58 +0200', ''),
(26, '00026', 'rd00026/2561', '1501, 1500', 'พาน', 'เครื่องโลหะ', 'โลหะผสม', 3, 1, 'พุทธศตวรรษที่ 25', 'ปากกว้าง 18.5 ซม. สูง 12 ซม.', NULL, 'พานขอบปากหยัก มีลวดลาย', '', '', '', 3, 0, '', '1500 และ 1501 = 2 ชิ้น เป็นชุดเดียวกัน', 'คล้องผ้าห่อของ', '', '', '', '', '', 'เมธา โล่กันภัย', NULL, 'default.png', 'closed', 'Sun, 25 Mar 18 17:14:33 +0200', ''),
(27, '00027', 'rd00027/2561', '1502', 'ถาด', 'เครื่องโลหะ', 'โลหะผสม', 3, 1, 'พุทธศตวรรษที่ 25', 'ปากกว้าง 31 ซม. สูง 5 ซม.', NULL, 'ถาด ขอบปากหยัก มีลวดลายที่ขอบปาก', '', '', '', 3, 0, '', '', 'คล้องผ้าห่อของ', '', '', '', '', '', 'เมธา โล่กันภัย', NULL, 'default.png', 'closed', 'Sun, 25 Mar 18 17:18:50 +0200', ''),
(28, '00028', 'rd00028/2561', '1503', 'ขัน', 'เครื่องโลหะ', 'โลหะผสม', 3, 1, 'พุทธศตวรรษที่ 25', 'ปากกว้าง 20 ซม. สูง 10 ซม.', NULL, 'ขัน ขอบปากเรียบ มีวลดลายด้านนอก', '', '', '', 3, 0, '', 'ชุดเดียวกับ เลขเดิม 1503, 1504, 1505 และ 1506', 'คล้องผ้าห่อของ', '', '', '', '', '', 'เมธา โล่กันภัย', NULL, 'default.png', 'closed', 'Sun, 25 Mar 18 17:22:17 +0200', ''),
(29, '00029', 'rd00029/2561', '1507', 'พาน', 'เครื่องโลหะ', 'โลหะผสม', 3, 1, 'พุทธศตวรรษที่ 25', 'ปากกว้าง 20 ซม. สูง 9 ซม.', NULL, 'พานขอบปากหยัก มรลวดลายที่ขอบปาก', '', '', '', 4, 0, '', 'เลขเดิม 1507 และ 1508 อยู่ด้วยกัน', 'คล้องผ้าห่อของ', '', '', '', '', '', 'เมธา โล่กันภัย', NULL, 'default.png', 'closed', 'Sun, 25 Mar 18 17:27:20 +0200', ''),
(30, '00030', 'rd00030/2561', '1508', 'พาน', 'เครื่องโลหะ', 'โลหะผสม', 3, 1, 'พุทธศตวรรษที่ 25', 'ปากกว้าง 14 ซม. สูง 7 ซม.', NULL, 'พานขอบปากหยัก มีลวดลายที่ขอบปาก ฐานฉลุลาย', '', '', '', 4, 0, '', 'เลขเดิม 1507 และ 1508 อยู่ด้วยกัน', 'คล้องผ้าห่อของ', '', '', '', '', '', 'เมธา โล่กันภัย', NULL, 'default.png', 'closed', 'Sun, 25 Mar 18 17:30:40 +0200', ''),
(31, '00031', 'rd00031/2561', '1509', 'กระโถน', 'เครื่องโลหะ', 'โลหะผสม', 3, 1, 'พุทธศตวรรษที่ 25', 'ปากกว้าง 20 ซม. สูง 15 ซม.', NULL, 'กระโถน ปากผายออก ขอบบปากหยัก ถมลายด้านนอก', '', '', '', 4, 0, '', '', 'คล้องผ้าห่อของ', '', '', '', '', '', 'เมธา โล่กันภัย', NULL, 'default.png', 'closed', 'Sun, 25 Mar 18 17:35:32 +0200', ''),
(32, '00032', 'rd00032/2561', '1566', 'ผอบ', 'เครื่องปั้นดินเผา', 'ดินเผาเคลือบ', 3, 1, 'พุทธศตวรรษที่ 25', 'ปากกว้าง 1.5 ซม. สูง 4.5 ซม.', NULL, 'ผอบดินเผาเคลือบ เขียนลายก้านแย่งสีฟ้าบนพื้นสีแดง', '', '', '', 4, 0, '', 'เป็นชุดเดียวกับ เลขเดิม 1560 - 1572  รวม 13 ชิ้น', 'คล้องผ้าห่อของ', '', '', '', '', '', 'เมธา โล่กันภัย', NULL, 'default.png', 'closed', 'Sun, 25 Mar 18 17:44:26 +0200', ''),
(33, '00033', 'rd00033/2561', '1568', 'แก้ว', 'เครื่องแก้ว', 'แก้ว', 1, 1, '', 'ปากกว้าง 3.2 ซม. สูง 5 ซม.', NULL, 'แก้วเจียระไน', '', '', '', 4, 0, '', 'เป็นชุดเดียวกับ เลขเดิม 1560 - 1572 รวม 13 ชิ้น', 'คล้องผ้าห่อของ', '', '', '', '', '', 'เมธา โล่กันภัย', NULL, 'default.png', 'closed', 'Sun, 25 Mar 18 17:47:34 +0200', ''),
(34, '00034', 'rd00034/2561', '1569', 'ผอบ', 'เครื่องเงิน', 'เงิน', 0, 1, '', 'ปากกว้าง 9 ซม. สูง 7 ซม.', NULL, '', '', '', '', 4, 0, '', 'เป็นชุดเดียวกับเลขเดิม 1560 - 2572 รวม 13 ชิ้น', 'คล้องผ้าห่อของ', '', '', '', '', '', 'เมธา โล่กันภัย', NULL, 'default.png', 'closed', 'Sun, 25 Mar 18 17:50:01 +0200', ''),
(35, '00035', 'rd00035/2561', '1572', 'ผ้า', 'ผ้า', 'ผ้า', 0, 1, '', 'กว้าง 28.5 ซม. ยาว  29 ซม.', NULL, 'ผ้าสีขาว ถักที่ขอบ', '', '', '', 4, 0, '', '', 'คล้องผ้าห่อของ', '', '', '', '', '', 'เมธา โล่กันภัย', NULL, 'default.png', 'closed', 'Sun, 25 Mar 18 17:52:24 +0200', ''),
(36, '00036', 'rd00036/2561', '1573', 'พาน', 'เครื่องโลหะ', 'โลหะผสม', 3, 1, 'พุทธศตวรรษที่ 25', 'ปากกว้าง 12 ซม. สูง 21.5 ซม.', NULL, 'ลายเทพนม ขาพานเป็นรูปพญานาค', '', '', '', 4, 0, '', '', 'คล้องผ้าห่อของ', '', '', '', '', '', 'เมธา โล่กันภัย', NULL, 'default.png', 'closed', 'Sun, 25 Mar 18 17:55:02 +0200', ''),
(37, '00037', 'rd00037/2561', '1575', 'หอยสังข์', 'เครื่องใช้เนื่องในศาสนา', 'เปลือกหอย', 0, 1, '', 'ยาว 7 ซม.', NULL, 'หอยรดน้ำสังข์', '', '', '', 4, 0, '', '', 'คล้องผ้าห่อของ', '', '', '', '', '', 'เมธา โล่กันภัย', 'เมธา โล่กันภัย', 'default.png', 'closed', 'Sun, 25 Mar 18 17:56:11 +0200', 'Sun, 25 Mar 18 17:58:20 +0200'),
(38, '00038', 'rd00038/2561', '1536', 'อ่าง', 'เครื่องโลหะ', 'โลหะผสม', 3, 1, 'พุทธศตวรรษที่ 25', 'ปากกว้าง 14 ซม. สูง 13.5 ซม.', NULL, 'ภาชนะตำกลม ปากผาย มีหูจับ ', '', '', '', 4, 0, '', 'ใต้ฐานอ่างเขียนว่า อ่างสรง สมเด็จ เจ้าฟ้า', 'คล้องผ้าห่อของ', '', '', '', '', '', 'เมธา โล่กันภัย', NULL, 'default.png', 'closed', 'Sun, 25 Mar 18 20:56:54 +0200', ''),
(39, '00039', 'rd00039/2561', '1537', 'กระโถน', 'เครื่องโลหะ', 'โลหะผสม', 3, 1, 'พุทธศตวรรษที่ 25', 'ปากกว้าง 14 ซม. สูง 17.5 ซม.', NULL, 'กระโถนปากแตร ดุนลายที่ลำตัว', '', '', '', 4, 0, '', '', 'คล้องผ้าห่อของ', '', '', '', '', '', 'เมธา โล่กันภัย', NULL, 'default.png', 'closed', 'Sun, 25 Mar 18 20:59:09 +0200', ''),
(40, '00040', 'rd00040/2561', '1538', 'ขัน', 'เครื่องเงิน', 'เงิน', 3, 1, '', 'ปากกว้าง 20 ซม. สูง 10.5 ซม.', NULL, 'ขันขอบปากเรียบ ผิวเรียบเกลี้ยง ไม่มีลาย', '', '', '', 4, 0, '', 'ชุดเดียวกับเลขเดิม 1538 - 1541 รวม 4 ชิ้น', 'คล้องผ้าห่อของ', '', '', '', '', '', 'เมธา โล่กันภัย', NULL, 'default.png', 'closed', 'Sun, 25 Mar 18 21:02:25 +0200', ''),
(41, '00041', 'rd00041/2561', '1542', 'พาน', 'เครื่องโลหะ', 'โลหะผสม', 1, 1, '', 'ปากกว้าง 9 ซม. สูง 11.5 ซม.', NULL, 'พานทรงกรวย ขอบปากหยัง เชิงเป็นรูปสามเหลี่ยม ', '', '', '', 4, 0, '', 'ชุดเดียวกับเลขเดิม  1545-1546', 'คล้องผ้าห่อของ', '', '', '', '', '', 'เมธา โล่กันภัย', NULL, 'default.png', 'closed', 'Sun, 25 Mar 18 21:06:25 +0200', ''),
(42, '00042', 'rd00042/2561', '1547', 'คนโท', 'เครื่องโลหะ', 'โลหะผสม', 3, 1, 'พุทธศตวรรษที่ 25', 'ปากกว้าง 8.9 ซม. สูง 21 ซม.', NULL, 'คนโททองเหลือง มีลายดอกไม้', '', '', '', 4, 0, '', 'ชุดเดียวกับเลขเดิม 1547 และ 1548', '', '', '', '', '', '', 'เมธา โล่กันภัย', NULL, 'default.png', 'closed', 'Sun, 25 Mar 18 21:09:44 +0200', ''),
(43, '00043', 'rd00043/2561', '1549', 'คนโท', 'เครื่องโลหะ', 'โลหะผสม', 3, 1, 'พุทธศตวรรษที่ 25', 'ปากกว้าง 8.9 ซม. สูง 21 ซม.', NULL, '\r\nคนโททองเหลือง มีลวดลายพรรณพฤกษา', '', '', '', 4, 0, '', 'ชุดเดียวกับเลขเดิม 1549 และ 1550', 'คล้องผ้าห่อของ', '', '', '', '', '', 'เมธา โล่กันภัย', NULL, 'default.png', 'closed', 'Sun, 25 Mar 18 21:12:24 +0200', ''),
(44, '00044', 'rd00044/2561', '1551', 'กา', 'เครื่องโลหะ', 'โลหะผสม', 3, 1, '', 'ปากกว้าง 7.3 ซม. สูง 19.5 ซม.', NULL, 'กาน้ำ ด้านนอกมีลายพรรณพฤกษา ใต้ก้นกาเขียนว่า อ่างสรงสมเด็จ เจ้าฟ้า', '', '', '', 4, 0, '', '', 'คล้องผ้าห่อของ', '', '', '', '', '', 'เมธา โล่กันภัย', NULL, 'default.png', 'closed', 'Sun, 25 Mar 18 21:19:02 +0200', ''),
(45, '00045', 'rd00045/2561', '1553', 'ถาด', 'เครื่องโลหะ', 'โลหะผสม', 3, 1, 'พุทธศตวรรษที่ 25', 'ปากกว้าง 31 ซม. สูง 4 ซม.', NULL, 'ถาดขอบปากกลม ดุนลายกอบัว', '', '', '', 4, 0, '', '', 'คล้องผ้าห่อของ', '', '', '', '', '', 'เมธา โล่กันภัย', NULL, 'default.png', 'closed', 'Sun, 25 Mar 18 21:21:30 +0200', ''),
(46, '00046', 'rd00046/2561', '1554', 'ถาด', 'เครื่องโลหะ', 'โลหะผสม', 3, 1, 'พุทธศตวรรษที่ 25', 'ปากกว้าง  36 ซม. สูง 5.5 ซม.', NULL, 'ถาดทองเหลือง ขอบฉลุลาย 12 นักษัตร ก้นถาดมีรูปช้าง', '', '', '', 4, 0, '', '', 'คล้องผ้าห่อของ', '', '', '', '', '', 'เมธา โล่กันภัย', NULL, 'default.png', 'closed', 'Sun, 25 Mar 18 21:24:24 +0200', ''),
(47, '00047', 'rd00047/2561', ' 1555', 'พาน', 'เครื่องโลหะ', 'โลหะผสม', 3, 1, '', 'ปากกว้าง  30 ซม. สูง 20 ซม.', NULL, 'พานทองเหลือง เรียบไม่มีลาย', '', '', '', 4, 0, '', '', 'คล้องผ้าห่อของ', '', '', '', '', '', 'เมธา โล่กันภัย', NULL, 'default.png', 'closed', 'Sun, 25 Mar 18 21:26:41 +0200', ''),
(48, '00048', 'rd00048/2561', '1556', 'พาน', 'เครื่องโลหะ', 'โลหะผสม', 3, 1, '', 'ปากกว้าง  30 ซม. สูง 20 ซม.', NULL, 'พานทองเหลือง ผิวเรียบไม่มีลวดลาย', '', '', '', 4, 0, '', 'ไม่ได้ถ่ายภาพ', 'คล้องผ้าห่อของ', '', '', '', '', '', 'เมธา โล่กันภัย', NULL, 'default.png', 'closed', 'Sun, 25 Mar 18 21:28:33 +0200', ''),
(49, '00049', 'rd00049/2561', '1558', 'พวงแก้วน้ำ', 'เครื่องโลหะ', 'โลหะผสม', 3, 1, 'พุทธศตวรรษที่ 25', 'ยาว 18.5 ซม. สูง 19.5 ซม.', NULL, 'พวงใส่แก้วน้ำ 2 ช่อง ฉลุลาย', '', '', '', 4, 0, '', '', 'คล้องผ้าห่อของ', '', '', '', '', '', 'เมธา โล่กันภัย', NULL, 'default.png', 'closed', 'Sun, 25 Mar 18 21:30:57 +0200', ''),
(50, '00050', 'rd00050/2561', '1589', 'ครก', 'เครื่องโลหะ', 'โลหะผสม', 0, 1, '', 'ปากกว้าง  6.5 ซม. สูง 5.5 ซม.', NULL, 'ครกทองเหลือง', '', '', '', 4, 0, '', '', 'คล้องผ้าห่อของ', '', '', '', '', 'ภา', 'เมธา โล่กันภัย', NULL, 'default.png', 'closed', 'Sun, 25 Mar 18 21:33:47 +0200', '');

-- --------------------------------------------------------

--
-- Table structure for table `artifact_type`
--

CREATE TABLE `artifact_type` (
  `artifact_type_id` int(11) NOT NULL,
  `parent_id` int(10) NOT NULL,
  `artifact_type_name` varchar(255) NOT NULL,
  `status` varchar(10) NOT NULL DEFAULT 'open'
) ENGINE=InnoDB DEFAULT CHARSET=utf8;

--
-- Dumping data for table `artifact_type`
--

INSERT INTO `artifact_type` (`artifact_type_id`, `parent_id`, `artifact_type_name`, `status`) VALUES
(1, 0, 'ประติมากรรม', 'open'),
(2, 0, 'ฉลองพระองค์', 'open'),
(3, 0, 'เครื่องเรือน', 'open'),
(4, 0, 'ของเล่น', 'open'),
(5, 0, 'ภาพภ่าย', 'open'),
(6, 0, 'ภาพเขียน', 'open'),
(7, 0, 'เครื่องใช้เนื่องในศาสนา', 'open'),
(8, 0, 'เครื่องประดับ', 'open'),
(9, 0, 'กระเป๋า', 'open'),
(10, 0, 'เครื่องครัว', 'open'),
(11, 0, 'เครื่องแก้ว', 'open'),
(12, 0, 'เครื่องโลหะ', 'open'),
(13, 0, 'เครื่องเงิน', 'open'),
(14, 0, 'ผ้า', 'open'),
(15, 0, 'เครื่องบนโต๊ะเสวย', 'open'),
(16, 0, 'เครื่องดนตรี', 'open'),
(17, 1, 'พระพุทธรูป', 'open');

-- --------------------------------------------------------

--
-- Table structure for table `category`
--

CREATE TABLE `category` (
  `cat_id` int(10) NOT NULL,
  `parent_id` int(10) NOT NULL DEFAULT '0',
  `cat_name` varchar(100) NOT NULL,
  `status` varchar(10) NOT NULL DEFAULT 'open'
) ENGINE=InnoDB DEFAULT CHARSET=utf8;

--
-- Dumping data for table `category`
--

INSERT INTO `category` (`cat_id`, `parent_id`, `cat_name`, `status`) VALUES
(1, 0, 'ตะวันตก', 'open'),
(2, 0, 'อยุธยา', 'open'),
(3, 0, 'รัตนโกสินทร์', 'open'),
(4, 0, 'สุโขทัย', 'open'),
(5, 0, 'ล้านนา', 'open'),
(6, 0, 'อินเดีย', 'open');

-- --------------------------------------------------------

--
-- Table structure for table `location`
--

CREATE TABLE `location` (
  `location_id` int(11) NOT NULL,
  `location_name` varchar(255) NOT NULL,
  `parent_id` int(11) NOT NULL DEFAULT '0',
  `status` varchar(10) NOT NULL DEFAULT 'open'
) ENGINE=InnoDB DEFAULT CHARSET=utf8;

--
-- Dumping data for table `location`
--

INSERT INTO `location` (`location_id`, `location_name`, `parent_id`, `status`) VALUES
(2, 'ตำหนัก', 0, 'open'),
(3, 'ห้องบรรทม', 0, 'open'),
(4, 'ห้องเก็บของ', 0, 'open'),
(5, 'test1', 2, 'open'),
(6, 'test2', 2, 'open'),
(7, 'test3', 2, 'open'),
(8, 'test4', 3, 'open'),
(9, 'test5', 3, 'open'),
(10, 'test6', 4, 'open'),
(11, 'test7', 4, 'open'),
(12, 'test8', 4, 'open'),
(13, 'building1', 0, 'open');

-- --------------------------------------------------------

--
-- Table structure for table `material`
--

CREATE TABLE `material` (
  `material_id` int(11) NOT NULL,
  `material_name` varchar(255) NOT NULL,
  `status` varchar(10) NOT NULL DEFAULT 'open'
) ENGINE=InnoDB DEFAULT CHARSET=utf8;

--
-- Dumping data for table `material`
--

INSERT INTO `material` (`material_id`, `material_name`, `status`) VALUES
(1, 'โลหะผสม', 'open'),
(2, 'สำริด', 'open'),
(3, 'ทอง', 'open'),
(4, 'เงิน', 'open'),
(5, 'อัญมณี', 'open'),
(6, 'เพชร', 'open'),
(7, 'พลอย', 'open'),
(8, 'หนัง', 'open'),
(9, 'ผ้าไหม', 'open'),
(10, 'ผ้าฝ้าย', 'open'),
(11, 'วัสดุสังเคราะห์', 'open'),
(12, 'แก้ว', 'open'),
(13, 'ดินเผา', 'open'),
(14, 'ดินเผาเคลือบ', 'open'),
(15, 'ไม้', 'open'),
(16, 'กระดาษ', 'open'),
(17, 'เขาสัตว์', 'open'),
(18, 'งา', 'open'),
(19, 'กระจก', 'open');

-- --------------------------------------------------------

--
-- Table structure for table `member`
--

CREATE TABLE `member` (
  `member_id` int(11) NOT NULL,
  `username` varchar(50) NOT NULL,
  `password` varchar(50) NOT NULL,
  `image` varchar(100) NOT NULL DEFAULT 'default.png',
  `name` varchar(255) NOT NULL,
  `address` varchar(500) NOT NULL,
  `telephone` varchar(20) NOT NULL,
  `email` varchar(100) NOT NULL,
  `permission` int(4) NOT NULL DEFAULT '10',
  `status` varchar(50) NOT NULL DEFAULT 'closed'
) ENGINE=InnoDB DEFAULT CHARSET=utf8;

--
-- Dumping data for table `member`
--

INSERT INTO `member` (`member_id`, `username`, `password`, `image`, `name`, `address`, `telephone`, `email`, `permission`, `status`) VALUES
(1, 'root', '81dc9bdb52d04dc20036dbd8313ed055', '9fd063e88a2973a19091fd26330773d1.png', 'เมธา โล่กันภัย', '45 ซ.ไร่รั้ง', '0894275291', 'm.lokanphai@gmail.com', 1, 'open'),
(2, 'ruenrudee', '81dc9bdb52d04dc20036dbd8313ed055', 'default.png', 'test EN1', 'address3', 'test54', 'm.lokanphai@gmail.com44', 1, 'open'),
(3, 'mathal', '827ccb0eea8a706c4c34a16891f84e7b', '13780a8223b65b916ed3aae3eb99158c.png', 'matha lokanphai', 'address', '0894275291', 'm.lokanphai@gmail.com', 1, 'open'),
(6, 'admin', '81dc9bdb52d04dc20036dbd8313ed055', '043d6b44a14556cb3ff8eddb104e81d8.jpg', '123456', 'address', '1111111111', 'm.lokanphai@gmail.com', 10, 'open'),
(7, 'beer', '81dc9bdb52d04dc20036dbd8313ed055', 'default.png', 'beer', 'address', '1111111111', 'm.lokanphai@gmail.com', 10, 'closed');

-- --------------------------------------------------------

--
-- Table structure for table `permission`
--

CREATE TABLE `permission` (
  `permission_id` int(11) NOT NULL,
  `permission_name` varchar(50) COLLATE utf8_unicode_ci NOT NULL
) ENGINE=InnoDB DEFAULT CHARSET=utf8 COLLATE=utf8_unicode_ci;

--
-- Dumping data for table `permission`
--

INSERT INTO `permission` (`permission_id`, `permission_name`) VALUES
(1, 'root'),
(2, 'superadmin'),
(10, 'admin');

--
-- Indexes for dumped tables
--

--
-- Indexes for table `artifact`
--
ALTER TABLE `artifact`
  ADD PRIMARY KEY (`artifact_id`);

--
-- Indexes for table `artifact_type`
--
ALTER TABLE `artifact_type`
  ADD PRIMARY KEY (`artifact_type_id`);

--
-- Indexes for table `category`
--
ALTER TABLE `category`
  ADD PRIMARY KEY (`cat_id`);

--
-- Indexes for table `location`
--
ALTER TABLE `location`
  ADD PRIMARY KEY (`location_id`);

--
-- Indexes for table `material`
--
ALTER TABLE `material`
  ADD PRIMARY KEY (`material_id`);

--
-- Indexes for table `member`
--
ALTER TABLE `member`
  ADD PRIMARY KEY (`member_id`);

--
-- Indexes for table `permission`
--
ALTER TABLE `permission`
  ADD PRIMARY KEY (`permission_id`);

--
-- AUTO_INCREMENT for dumped tables
--

--
-- AUTO_INCREMENT for table `artifact`
--
ALTER TABLE `artifact`
  MODIFY `artifact_id` int(11) NOT NULL AUTO_INCREMENT, AUTO_INCREMENT=51;

--
-- AUTO_INCREMENT for table `artifact_type`
--
ALTER TABLE `artifact_type`
  MODIFY `artifact_type_id` int(11) NOT NULL AUTO_INCREMENT, AUTO_INCREMENT=18;

--
-- AUTO_INCREMENT for table `category`
--
ALTER TABLE `category`
  MODIFY `cat_id` int(10) NOT NULL AUTO_INCREMENT, AUTO_INCREMENT=7;

--
-- AUTO_INCREMENT for table `location`
--
ALTER TABLE `location`
  MODIFY `location_id` int(11) NOT NULL AUTO_INCREMENT, AUTO_INCREMENT=14;

--
-- AUTO_INCREMENT for table `material`
--
ALTER TABLE `material`
  MODIFY `material_id` int(11) NOT NULL AUTO_INCREMENT, AUTO_INCREMENT=20;

--
-- AUTO_INCREMENT for table `member`
--
ALTER TABLE `member`
  MODIFY `member_id` int(11) NOT NULL AUTO_INCREMENT, AUTO_INCREMENT=8;

/*!40101 SET CHARACTER_SET_CLIENT=@OLD_CHARACTER_SET_CLIENT */;
/*!40101 SET CHARACTER_SET_RESULTS=@OLD_CHARACTER_SET_RESULTS */;
/*!40101 SET COLLATION_CONNECTION=@OLD_COLLATION_CONNECTION */;
